"aa_subs","antibs","preds","Variant"
"G9D S41F S43P S45F T46A D75N R78S K87N N110K L122R S147N T148K E154A F156V Q168R N171Y Y175H","Antibody COV2-2050_400",-0.34251469373703,"BA4_BA5"
"G9D R16K S41L S43P S45F K87N N110K G116S S147N T148K E154A Q163R G166S Q168R N171Y Y175H","Antibody COV2-2050_400",-0.115261971950531,"Omicron"
"R16K E154K N171Y","Antibody COV2-2050_400",-0.681212246417999,"Mu"
"","Antibody COV2-2050_400",-2.84213876724243,"Wuhan"
"L122R E154Q","Antibody COV2-2050_400",-0.918490052223206,"Kappa"
"K87T E154K N171Y","Antibody COV2-2050_400",-1.50674414634705,"Gamma"
"L122Q F160S","Antibody COV2-2050_400",-2.44028282165527,"Lambda"
"K87N E154K N171Y","Antibody COV2-2050_400",-1.66503512859344,"Beta"
"L38R G116-","Antibody COV2-2050_400",-0.828179836273193,"Epsilon"
"K87N L122R T148K","Antibody COV2-2050_400",-2.85247302055359,"Delta"
"N171Y","Antibody COV2-2050_400",-3.01674294471741,"Alpha"
"G9D S41F S43P S45F T46A D75N R78S K87N N110K L122R S147N T148K E154A F156V Q168R N171Y Y175H","Antibody COV2-2082_400",-0.732413172721863,"BA4_BA5"
"G9D R16K S41L S43P S45F K87N N110K G116S S147N T148K E154A Q163R G166S Q168R N171Y Y175H","Antibody COV2-2082_400",-2.31167578697205,"Omicron"
"R16K E154K N171Y","Antibody COV2-2082_400",-2.70737910270691,"Mu"
"","Antibody COV2-2082_400",-2.72459316253662,"Wuhan"
"L122R E154Q","Antibody COV2-2082_400",-3.11066031455994,"Kappa"
"K87T E154K N171Y","Antibody COV2-2082_400",-1.0184223651886,"Gamma"
"L122Q F160S","Antibody COV2-2082_400",-2.62476348876953,"Lambda"
"K87N E154K N171Y","Antibody COV2-2082_400",-1.16837763786316,"Beta"
"L38R G116-","Antibody COV2-2082_400",-1.85946130752563,"Epsilon"
"K87N L122R T148K","Antibody COV2-2082_400",-1.31462597846985,"Delta"
"N171Y","Antibody COV2-2082_400",-2.95919966697693,"Alpha"
"G9D S41F S43P S45F T46A D75N R78S K87N N110K L122R S147N T148K E154A F156V Q168R N171Y Y175H","Antibody COV2-2094_400",-0.351271122694016,"BA4_BA5"
"G9D R16K S41L S43P S45F K87N N110K G116S S147N T148K E154A Q163R G166S Q168R N171Y Y175H","Antibody COV2-2094_400",-0.203946530818939,"Omicron"
"R16K E154K N171Y","Antibody COV2-2094_400",-3.06749320030212,"Mu"
"","Antibody COV2-2094_400",-2.8063633441925,"Wuhan"
"L122R E154Q","Antibody COV2-2094_400",-3.44880533218384,"Kappa"
"K87T E154K N171Y","Antibody COV2-2094_400",-1.60597658157349,"Gamma"
"L122Q F160S","Antibody COV2-2094_400",-2.61471056938171,"Lambda"
"K87N E154K N171Y","Antibody COV2-2094_400",-2.2438600063324,"Beta"
"L38R G116-","Antibody COV2-2094_400",-0.924011170864105,"Epsilon"
"K87N L122R T148K","Antibody COV2-2094_400",-1.70219731330872,"Delta"
"N171Y","Antibody COV2-2094_400",-2.97506761550903,"Alpha"
"G9D S41F S43P S45F T46A D75N R78S K87N N110K L122R S147N T148K E154A F156V Q168R N171Y Y175H","Antibody COV2-2096_400",-1.34579741954803,"BA4_BA5"
"G9D R16K S41L S43P S45F K87N N110K G116S S147N T148K E154A Q163R G166S Q168R N171Y Y175H","Antibody COV2-2096_400",-1.30935668945312,"Omicron"
"R16K E154K N171Y","Antibody COV2-2096_400",-0.913579285144806,"Mu"
"","Antibody COV2-2096_400",-2.94629645347595,"Wuhan"
"L122R E154Q","Antibody COV2-2096_400",-0.796425580978394,"Kappa"
"K87T E154K N171Y","Antibody COV2-2096_400",-2.01837563514709,"Gamma"
"L122Q F160S","Antibody COV2-2096_400",-0.623221635818481,"Lambda"
"K87N E154K N171Y","Antibody COV2-2096_400",-2.39995884895325,"Beta"
"L38R G116-","Antibody COV2-2096_400",-1.2091372013092,"Epsilon"
"K87N L122R T148K","Antibody COV2-2096_400",-1.17707800865173,"Delta"
"N171Y","Antibody COV2-2096_400",-3.18365955352783,"Alpha"
"G9D S41F S43P S45F T46A D75N R78S K87N N110K L122R S147N T148K E154A F156V Q168R N171Y Y175H","Antibody COV2-2165_400",-2.42903447151184,"BA4_BA5"
"G9D R16K S41L S43P S45F K87N N110K G116S S147N T148K E154A Q163R G166S Q168R N171Y Y175H","Antibody COV2-2165_400",-3.30752682685852,"Omicron"
"R16K E154K N171Y","Antibody COV2-2165_400",-2.75612044334412,"Mu"
"","Antibody COV2-2165_400",-2.87324810028076,"Wuhan"
"L122R E154Q","Antibody COV2-2165_400",-3.02813982963562,"Kappa"
"K87T E154K N171Y","Antibody COV2-2165_400",-2.52765417098999,"Gamma"
"L122Q F160S","Antibody COV2-2165_400",-2.85375761985779,"Lambda"
"K87N E154K N171Y","Antibody COV2-2165_400",-2.29623770713806,"Beta"
"L38R G116-","Antibody COV2-2165_400",-2.55316042900085,"Epsilon"
"K87N L122R T148K","Antibody COV2-2165_400",-2.83605408668518,"Delta"
"N171Y","Antibody COV2-2165_400",-2.77220225334167,"Alpha"
"G9D S41F S43P S45F T46A D75N R78S K87N N110K L122R S147N T148K E154A F156V Q168R N171Y Y175H","Antibody COV2-2479_400",-2.53171682357788,"BA4_BA5"
"G9D R16K S41L S43P S45F K87N N110K G116S S147N T148K E154A Q163R G166S Q168R N171Y Y175H","Antibody COV2-2479_400",-3.20947933197021,"Omicron"
"R16K E154K N171Y","Antibody COV2-2479_400",-2.92957711219788,"Mu"
"","Antibody COV2-2479_400",-3.22863864898682,"Wuhan"
"L122R E154Q","Antibody COV2-2479_400",-2.22788858413696,"Kappa"
"K87T E154K N171Y","Antibody COV2-2479_400",-2.57788586616516,"Gamma"
"L122Q F160S","Antibody COV2-2479_400",-3.07121682167053,"Lambda"
"K87N E154K N171Y","Antibody COV2-2479_400",-2.62478375434875,"Beta"
"L38R G116-","Antibody COV2-2479_400",-1.99564099311829,"Epsilon"
"K87N L122R T148K","Antibody COV2-2479_400",-3.11976003646851,"Delta"
"N171Y","Antibody COV2-2479_400",-3.36211395263672,"Alpha"
"G9D S41F S43P S45F T46A D75N R78S K87N N110K L122R S147N T148K E154A F156V Q168R N171Y Y175H","Antibody COV2-2499_400",-1.27981734275818,"BA4_BA5"
"G9D R16K S41L S43P S45F K87N N110K G116S S147N T148K E154A Q163R G166S Q168R N171Y Y175H","Antibody COV2-2499_400",-0.0455201268196106,"Omicron"
"R16K E154K N171Y","Antibody COV2-2499_400",-2.78062701225281,"Mu"
"","Antibody COV2-2499_400",-2.70266604423523,"Wuhan"
"L122R E154Q","Antibody COV2-2499_400",-3.39342212677002,"Kappa"
"K87T E154K N171Y","Antibody COV2-2499_400",-2.79694843292236,"Gamma"
"L122Q F160S","Antibody COV2-2499_400",-2.55633664131165,"Lambda"
"K87N E154K N171Y","Antibody COV2-2499_400",-2.94480490684509,"Beta"
"L38R G116-","Antibody COV2-2499_400",-0.468758314847946,"Epsilon"
"K87N L122R T148K","Antibody COV2-2499_400",-2.79760384559631,"Delta"
"N171Y","Antibody COV2-2499_400",-2.93220496177673,"Alpha"
"G9D S41F S43P S45F T46A D75N R78S K87N N110K L122R S147N T148K E154A F156V Q168R N171Y Y175H","Antibody COV2-2677_400",-1.61565840244293,"BA4_BA5"
"G9D R16K S41L S43P S45F K87N N110K G116S S147N T148K E154A Q163R G166S Q168R N171Y Y175H","Antibody COV2-2677_400",-0.710741341114044,"Omicron"
"R16K E154K N171Y","Antibody COV2-2677_400",-3.1306529045105,"Mu"
"","Antibody COV2-2677_400",-2.75891137123108,"Wuhan"
"L122R E154Q","Antibody COV2-2677_400",-3.52493786811829,"Kappa"
"K87T E154K N171Y","Antibody COV2-2677_400",-2.67978572845459,"Gamma"
"L122Q F160S","Antibody COV2-2677_400",-3.12096095085144,"Lambda"
"K87N E154K N171Y","Antibody COV2-2677_400",-2.822909116745,"Beta"
"L38R G116-","Antibody COV2-2677_400",-0.712444603443146,"Epsilon"
"K87N L122R T148K","Antibody COV2-2677_400",-2.70379900932312,"Delta"
"N171Y","Antibody COV2-2677_400",-2.90085911750793,"Alpha"
"G9D S41F S43P S45F T46A D75N R78S K87N N110K L122R S147N T148K E154A F156V Q168R N171Y Y175H","Antibody COV2-2832_400",-1.97729277610779,"BA4_BA5"
"G9D R16K S41L S43P S45F K87N N110K G116S S147N T148K E154A Q163R G166S Q168R N171Y Y175H","Antibody COV2-2832_400",-3.2009174823761,"Omicron"
"R16K E154K N171Y","Antibody COV2-2832_400",-2.90013718605042,"Mu"
"","Antibody COV2-2832_400",-2.69809222221375,"Wuhan"
"L122R E154Q","Antibody COV2-2832_400",-3.06471371650696,"Kappa"
"K87T E154K N171Y","Antibody COV2-2832_400",-2.48077845573425,"Gamma"
"L122Q F160S","Antibody COV2-2832_400",-2.8051016330719,"Lambda"
"K87N E154K N171Y","Antibody COV2-2832_400",-2.34308409690857,"Beta"
"L38R G116-","Antibody COV2-2832_400",-1.30375981330872,"Epsilon"
"K87N L122R T148K","Antibody COV2-2832_400",-2.70680212974548,"Delta"
"N171Y","Antibody COV2-2832_400",-2.99349665641785,"Alpha"
"G9D S41F S43P S45F T46A D75N R78S K87N N110K L122R S147N T148K E154A F156V Q168R N171Y Y175H","Antibody CR3022_400",-2.5079607963562,"BA4_BA5"
"G9D R16K S41L S43P S45F K87N N110K G116S S147N T148K E154A Q163R G166S Q168R N171Y Y175H","Antibody CR3022_400",-3.26122355461121,"Omicron"
"R16K E154K N171Y","Antibody CR3022_400",-2.98844957351685,"Mu"
"","Antibody CR3022_400",-2.78573250770569,"Wuhan"
"L122R E154Q","Antibody CR3022_400",-3.3103506565094,"Kappa"
"K87T E154K N171Y","Antibody CR3022_400",-2.32542395591736,"Gamma"
"L122Q F160S","Antibody CR3022_400",-2.94541525840759,"Lambda"
"K87N E154K N171Y","Antibody CR3022_400",-2.26225876808167,"Beta"
"L38R G116-","Antibody CR3022_400",-1.69688010215759,"Epsilon"
"K87N L122R T148K","Antibody CR3022_400",-2.72899508476257,"Delta"
"N171Y","Antibody CR3022_400",-2.71984696388245,"Alpha"
